ID,name,frequence,sections,sentences,subsidiaries annotator1,subsidiaries annotator2,subsidiaries annotator3,subsidiaries annotator4
0,COMPUTER,105,"[1, 2, 3, 4, 5]","[0, 1, 4, 6, 8, 9, 23, 24, 28, 30, 38, 39, 77, 93, 110, 114, 140, 141, 146, 147, 152, 154, 156, 157, 158, 160, 162, 198, 204, 232, 251, 253, 258, 259, 293, 296, 314, 335, 337, 345, 348, 349, 359, 366, 373, 376, 382, 423, 426, 439, 460, 503, 545, 567, 569, 571, 572, 573, 574, 575, 576, 577, 579, 581, 584, 585, 591, 593, 599, 600, 603, 604, 605, 606, 610, 617, 620, 621, 622, 623, 643, 648, 650, 651, 652, 660, 692, 693, 704, 707, 708, 709, 710]","['COMPUTER SYSTEM', 'NETWORK', 'SOFTWARE', 'SERVER', 'CLIENT/SERVER MODEL', 'INTERNET PROTOCOL ADDRESS', 'FILE TRANSFER PROTOCOL', 'LOCAL MACHINE', 'INTERNET SOFTWARE', 'UNAUTHORIZED ACCESS']","['COMPUTER SYSTEM', 'NETWORK', 'LOCAL AREA NETWORK', 'ACCESS POINT', 'SHORT BUS', 'MALICIOUS SOFTWARE']","['NETWORK', 'SOFTWARE', 'NETWORK SOFTWARE', 'OPERATING SYSTEM', 'SERVER', 'CLIENT/SERVER MODEL', 'MALICIOUS SOFTWARE']","['NETWORK', 'LOCAL AREA NETWORK', 'INTERNET', 'BUS NETWORK', 'INTERPROCESS COMMUNICATION', 'CLIENT/SERVER MODEL', 'END SYSTEM', 'INTERNET PROTOCOL ADDRESS', 'BROWSER', 'SIMPLE MAIL TRANSFER PROTOCOL', 'OFFICE PROTOCOL VERSION', 'INTERNET MAIL ACCESS PROTOCOL', 'UNIFORM RESOURCE LOCATOR', 'LINK LAYER', 'MALICIOUS SOFTWARE']"
1,COMPUTER SYSTEM,4,"[1, 5]","[0, 569, 584, 610]",['NETWORK'],['NETWORK'],"['NETWORK', 'SOFTWARE', 'NETWORK SOFTWARE', 'OPERATING SYSTEM']",['TROJAN HORSE']
2,NETWORK,214,"[1, 2, 3, 4, 5]","[0, 1, 2, 3, 5, 6, 7, 8, 9, 10, 11, 12, 13, 14, 15, 19, 21, 24, 25, 26, 27, 28, 29, 30, 33, 34, 36, 37, 38, 40, 49, 53, 66, 69, 70, 71, 72, 81, 84, 85, 86, 87, 88, 93, 94, 95, 96, 100, 101, 102, 105, 107, 109, 110, 114, 115, 118, 119, 121, 135, 136, 137, 138, 139, 140, 141, 147, 151, 154, 155, 160, 162, 163, 164, 165, 166, 167, 168, 169, 174, 175, 183, 186, 197, 198, 200, 231, 247, 252, 253, 254, 255, 256, 258, 259, 262, 271, 275, 287, 309, 312, 313, 314, 320, 323, 324, 326, 327, 329, 332, 462, 476, 478, 493, 496, 497, 498, 500, 501, 503, 504, 505, 507, 508, 510, 511, 513, 514, 515, 526, 529, 554, 557, 558, 560, 561, 563, 567, 569, 581, 583, 599, 613, 614, 620, 642, 643, 645, 653, 655, 693, 697, 699, 700, 710]","['NETWORK SOFTWARE', 'OPERATING SYSTEM', 'PERSONAL AREA NETWORK', 'LOCAL AREA NETWORK', 'METROPOLITAN AREA NETWORK', 'WIDE AREA NETWORK', 'OPEN NETWORK', 'INTERNET', 'ETHERNET NETWORK', 'STAR NETWORK', 'ACCESS POINT', 'BUS NETWORK', 'WIFI NETWORK', 'FINAL DESTINATION', 'PROPER DIRECTION', 'FORWARDING TABLE', 'INTERPROCESS COMMUNICATION', 'SERVER', 'CLIENT/SERVER MODEL', 'PRINT SERVER', 'FILE SERVER', 'PEER-TO-PEER MODEL', 'LEGACY ANALOG', 'NETWORK PROTOCOL', 'FILE TRANSFER PROTOCOL', 'SECURE SHELL', 'NETWORK SECURITY', 'UNAUTHORIZED ACCESS']","['MESSAGE', 'NETWORK SOFTWARE', 'PERSONAL AREA NETWORK', 'LOCAL AREA NETWORK', 'METROPOLITAN AREA NETWORK', 'WIDE AREA NETWORK', 'INTERNET', 'STAR NETWORK', 'BUS NETWORK', 'FORWARDING TABLE', 'INTERNET SERVICE PROVIDERS', 'INTERNET SERVICE PROVIDER']","['NETWORK SOFTWARE', 'OPERATING SYSTEM', 'PERSONAL AREA NETWORK', 'LOCAL AREA NETWORK', 'METROPOLITAN AREA NETWORK', 'WIDE AREA NETWORK', 'OPEN NETWORK', 'INTERNET', 'ETHERNET NETWORK', 'STAR NETWORK', 'ACCESS POINT', 'BUS NETWORK', 'WIFI NETWORK', 'FINAL DESTINATION', 'PROPER DIRECTION', 'FORWARDING TABLE', 'INTERPROCESS COMMUNICATION', 'SERVER', 'CLIENT/SERVER MODEL', 'PRINT SERVER', 'FILE SERVER', 'PEER-TO-PEER MODEL']","['PERSONAL AREA NETWORK', 'LOCAL AREA NETWORK', 'METROPOLITAN AREA NETWORK', 'WIDE AREA NETWORK', 'OPEN NETWORK', 'INTERNET', 'OPEN SYSTEM', 'TRANSMISSION CONTROL PROTOCOL', 'INTERNET PROTOCOL', 'ETHERNET NETWORK', 'STAR NETWORK', 'ACCESS POINT', 'BUS NETWORK', 'SHORT BUS', 'CARRIER SENSE', 'MULTIPLE ACCESS WITH COLLISION DETECTION', 'MULTIPLE ACCESS', 'COLLISION DETECTION', 'CENTRAL ACCESS POINT', 'HIDDEN TERMINAL PROBLEM', 'MULTIPLE ACCESS WITH COLLISION AVOIDANCE', 'COLLISION AVOIDANCE', 'BUSY CHANNEL', 'WIFI NETWORK', 'FORWARDING TABLE', 'TERM GATEWAY', 'INTERPROCESS COMMUNICATION', 'CLIENT/SERVER MODEL', 'PEER-TO-PEER MODEL', 'INTERNET SERVICE PROVIDERS', 'INTERNET SERVICE PROVIDER', 'TIER-2 INTERNET SERVICE PROVIDERS', 'ACCESS INTERNET SERVICE PROVIDER', 'INTERNET ACCESS', 'END SYSTEM', 'INTERNET PROTOCOL ADDRESS', 'DOMAIN NAME', 'NETWORK PROTOCOL', 'SIMPLE MAIL TRANSFER PROTOCOL', 'CONTENT DELIVERY NETWORK', 'WORLD WIDE WEB', 'INTERNET SOFTWARE', 'LINK LAYER', 'MALICIOUS SOFTWARE', 'SECURE SOCKET LAYER']"
3,MACHINE,71,"[1, 2, 3, 4, 5]","[0, 11, 19, 20, 25, 27, 29, 32, 39, 41, 42, 43, 44, 48, 49, 50, 51, 52, 57, 59, 61, 62, 63, 66, 67, 68, 69, 78, 96, 98, 100, 101, 102, 110, 115, 116, 118, 119, 120, 146, 147, 150, 152, 209, 210, 215, 235, 239, 272, 294, 295, 298, 326, 344, 454, 462, 509, 527, 577]","['NETWORK', 'ETHERNET NETWORK', 'ACCESS POINT', 'MULTIPLE ACCESS WITH COLLISION DETECTION', 'MULTIPLE ACCESS', 'COLLISION DETECTION', 'CENTRAL ACCESS POINT', 'COLLISION AVOIDANCE', 'WIFI NETWORK', 'FINAL DESTINATION', 'PROPER DIRECTION', 'FORWARDING TABLE', 'SERVER', 'PRINT SERVER', 'LOCAL MACHINE']","['COMPUTER SYSTEM', 'NETWORK', 'WIDE AREA NETWORK', 'OPEN NETWORK', 'ACCESS POINT', 'BUS NETWORK', 'SHORT BUS']","['NETWORK', 'ETHERNET NETWORK', 'ACCESS POINT', 'MULTIPLE ACCESS WITH COLLISION DETECTION', 'MULTIPLE ACCESS', 'COLLISION DETECTION', 'CENTRAL ACCESS POINT', 'COLLISION AVOIDANCE', 'WIFI NETWORK', 'FINAL DESTINATION', 'PROPER DIRECTION', 'FORWARDING TABLE', 'SERVER', 'PRINT SERVER']","['NETWORK', 'SOFTWARE', 'WIDE AREA NETWORK', 'ACCESS POINT', 'BUS NETWORK', 'SHORT BUS', 'CARRIER SENSE', 'MULTIPLE ACCESS WITH COLLISION DETECTION', 'MULTIPLE ACCESS', 'COLLISION DETECTION', 'CENTRAL ACCESS POINT', 'HIDDEN TERMINAL PROBLEM', 'MULTIPLE ACCESS WITH COLLISION AVOIDANCE', 'COLLISION AVOIDANCE', 'BUSY CHANNEL', 'HIDDEN TERMINAL', 'SERVER', 'CLIENT/SERVER MODEL', 'INTERNET SERVICE PROVIDERS', 'INTERNET SERVICE PROVIDER', 'INTERNET PROTOCOL ADDRESS', 'MNEMONIC ADDRESS', 'NAME SERVER', 'VOICE OVER INTERNET PROTOCOL', 'CONTENT DELIVERY NETWORK', 'INTERNET SOFTWARE', 'MALICIOUS SOFTWARE']"
4,MESSAGE,133,"[1, 2, 3, 4, 5]","[1, 38, 39, 40, 41, 42, 43, 56, 59, 66, 76, 77, 78, 82, 83, 93, 96, 97, 98, 99, 102, 104, 234, 235, 256, 258, 259, 276, 280, 281, 282, 289, 293, 295, 391, 442, 459, 462, 463, 477, 479, 480, 485, 488, 489, 490, 491, 492, 494, 495, 515, 516, 517, 518, 519, 524, 525, 540, 541, 542, 543, 544, 547, 549, 558, 588, 596, 600, 602, 603, 604, 609, 615, 616, 618, 624, 637, 640, 643, 655, 662, 664, 667, 668, 670, 671, 672, 673, 677, 683, 687, 688, 689, 690, 691, 737]","['ETHERNET NETWORK', 'CARRIER SENSE', 'MULTIPLE ACCESS WITH COLLISION DETECTION', 'MULTIPLE ACCESS', 'COLLISION DETECTION', 'COLLISION AVOIDANCE', 'FINAL DESTINATION', 'PROPER DIRECTION', 'FORWARDING TABLE', 'DIGITAL SIGNATURE']",[],"['ETHERNET NETWORK', 'CARRIER SENSE', 'MULTIPLE ACCESS WITH COLLISION DETECTION', 'MULTIPLE ACCESS', 'COLLISION DETECTION', 'COLLISION AVOIDANCE', 'FINAL DESTINATION', 'PROPER DIRECTION', 'FORWARDING TABLE']","['INTERNET', 'TRANSMISSION CONTROL PROTOCOL', 'CARRIER SENSE', 'MULTIPLE ACCESS WITH COLLISION DETECTION', 'COLLISION DETECTION', 'HIDDEN TERMINAL PROBLEM', 'MULTIPLE ACCESS WITH COLLISION AVOIDANCE', 'COLLISION AVOIDANCE', 'BUSY CHANNEL', 'FORWARDING TABLE', 'INTERNET PROTOCOL ADDRESS', 'EMAIL MESSAGE', 'SIMPLE MAIL TRANSFER PROTOCOL', 'OFFICE PROTOCOL VERSION', 'INTERNET SOFTWARE', 'APPLICATION LAYER', 'TRANSPORT LAYER', 'NETWORK LAYER', 'LINK LAYER', 'PORT NUMBER', 'USER DATAGRAM PROTOCOL', 'TRANSMISSION CONTROL PROTOCOL TRANSPORT LAYER', 'HOP COUNT', 'SECURE SOCKET LAYER', 'PUBLICKEY ENCRYPTION', 'PUBLIC-KEY ENCRYPTION SYSTEM']"
5,SOFTWARE,56,"[1, 2, 3, 4, 5]","[1, 2, 3, 141, 150, 235, 269, 271, 287, 302, 305, 331, 334, 401, 460, 461, 462, 463, 475, 482, 483, 484, 497, 519, 523, 529, 570, 571, 572, 577, 591, 599, 603, 612, 631, 642, 643, 644, 645, 646, 649, 652]","['NETWORK SOFTWARE', 'OPERATING SYSTEM', 'BROWSER', 'INTERNET SOFTWARE', 'MALICIOUS SOFTWARE', 'TROJAN HORSE']",['APPLICATION LAYER'],"['NETWORK SOFTWARE', 'OPERATING SYSTEM', 'APPLICATION LAYER']","['NETWORK', 'NETWORK SOFTWARE', 'BROWSER', 'WORLD WIDE WEB', 'INTERNET SOFTWARE', 'APPLICATION LAYER', 'NETWORK LAYER', 'MALICIOUS SOFTWARE', 'PROXY SERVER']"
6,NETWORK SOFTWARE,2,[1],"[2, 3]",['OPERATING SYSTEM'],[],"['NETWORK', 'MESSAGE', 'SOFTWARE', 'OPERATING SYSTEM']",[]
7,OPERATING SYSTEM,3,"[1, 5]","[3, 580, 642]",[],[],['SOFTWARE'],['MALICIOUS SOFTWARE']
8,PERSONAL AREA NETWORK,3,"[1, 2]","[6, 7, 162]",[],[],[],['INTERNET']
9,LOCAL AREA NETWORK,5,"[1, 2]","[6, 8, 9, 162, 200]",[],[],[],['INTERNET']
10,METROPOLITAN AREA NETWORK,4,"[1, 2]","[6, 10, 162, 200]",[],[],[],['INTERNET']
11,WIDE AREA NETWORK,6,"[1, 2]","[6, 11, 162, 168, 197, 200]","['INTERNET SERVICE PROVIDERS', 'INTERNET SERVICE PROVIDER']",[],[],"['INTERNET', 'INTERNET SERVICE PROVIDERS']"
12,EXAMPLE,52,"[1, 2, 3, 4, 5]","[9, 51, 72, 91, 95, 109, 126, 135, 151, 159, 171, 179, 192, 212, 221, 228, 232, 247, 255, 260, 273, 297, 303, 347, 351, 395, 407, 413, 418, 433, 437, 439, 450, 484, 521, 552, 572, 600, 621, 625, 627, 628, 641, 647, 658, 676, 677, 692, 701, 702, 727, 730]",[],[],[],[]
13,OPEN NETWORK,3,"[1, 4]","[13, 14, 529]","['INTERNET', 'OPEN SYSTEM', 'TRANSMISSION CONTROL PROTOCOL', 'INTERNET PROTOCOL']",[],"['INTERNET', 'OPEN SYSTEM', 'TRANSMISSION CONTROL PROTOCOL', 'INTERNET PROTOCOL']",[]
14,INTERNET,243,"[1, 2, 3, 4, 5]","[15, 16, 88, 89, 90, 91, 92, 93, 100, 101, 102, 105, 107, 109, 126, 127, 136, 137, 153, 155, 159, 162, 163, 164, 165, 166, 167, 168, 169, 172, 173, 175, 176, 177, 178, 179, 180, 182, 185, 189, 190, 191, 193, 194, 196, 198, 201, 203, 204, 205, 206, 207, 208, 209, 210, 211, 213, 215, 216, 217, 218, 219, 225, 234, 235, 237, 242, 243, 246, 247, 248, 249, 250, 251, 252, 255, 257, 258, 262, 268, 270, 271, 273, 289, 291, 295, 297, 298, 299, 300, 301, 302, 303, 306, 307, 308, 309, 310, 311, 313, 314, 315, 317, 324, 326, 328, 329, 330, 333, 334, 336, 369, 370, 400, 422, 459, 460, 462, 463, 475, 482, 485, 486, 487, 488, 489, 490, 495, 496, 497, 520, 523, 525, 526, 528, 529, 532, 533, 534, 536, 552, 554, 555, 556, 557, 558, 559, 560, 561, 562, 563, 564, 565, 566, 573, 575, 583, 601, 606, 607, 608, 652, 655, 657, 658, 679, 682, 711, 725, 730, 731, 741]","['TRANSMISSION CONTROL PROTOCOL', 'INTERNET PROTOCOL', 'WORLDWIDE INTERNET', 'FORWARDING TABLE', 'TERM PEER-TO-PEER', 'INTERNET SERVICE PROVIDERS', 'INTERNET SERVICE PROVIDER', 'TIER-2 INTERNET SERVICE PROVIDERS', 'ACCESS INTERNET SERVICE PROVIDER', 'INTERNET ACCESS', 'INTERNET PROTOCOL ADDRESS', 'INTERNET CORPORATION FOR ASSIGNED NAME', 'NETWORK PROTOCOL', 'SIMPLE MAIL TRANSFER PROTOCOL', 'INTERNET INFRASTRUCTURE', 'TRADITIONAL INTERNET', 'WORLD WIDE WEB', 'INTERNET SOFTWARE', 'FOUR-LEVEL HIERARCHY']","['TRANSMISSION CONTROL PROTOCOL', 'INTERNET PROTOCOL', 'INTERNET SERVICE PROVIDERS', 'INTERNET SERVICE PROVIDER', 'TIER-2 INTERNET SERVICE PROVIDERS', 'INTERNET ACCESS', 'INTERNET PROTOCOL ADDRESS', 'BROWSER', 'HYPERTEXT TRANSFER PROTOCOL', 'WORLD WIDE WEB']","['TRANSMISSION CONTROL PROTOCOL', 'INTERNET PROTOCOL', 'WORLDWIDE INTERNET', 'FORWARDING TABLE', 'TERM PEER-TO-PEER', 'BROWSER', 'HYPERTEXT TRANSFER PROTOCOL', 'WORLD WIDE WEB']","['WIDE AREA NETWORK', 'INTERNET PROTOCOL', 'WORLDWIDE INTERNET', 'FORWARDING TABLE', 'TERM GATEWAY', 'INSTANT MESSAGING', 'INTERNET SERVICE PROVIDERS', 'INTERNET SERVICE PROVIDER', 'TIER-2 INTERNET SERVICE PROVIDERS', 'ACCESS INTERNET SERVICE PROVIDER', 'INTERNET ACCESS', 'END SYSTEM', 'INTERNET PROTOCOL ADDRESS', 'INTERNET CORPORATION FOR ASSIGNED NAME', 'DOMAIN NAME', 'NAME SERVER', 'DOMAIN NAME SYSTEM', 'NETWORK PROTOCOL', 'FILE TRANSFER PROTOCOL', 'SECURE SHELL', 'BROWSER', 'HYPERTEXT TRANSFER PROTOCOL', 'VOICE OVER INTERNET PROTOCOL', 'CONTENT DELIVERY NETWORK', 'WORLD WIDE WEB', 'INTERNET SOFTWARE', 'APPLICATION LAYER', 'TRANSPORT LAYER', 'NETWORK LAYER', 'LINK LAYER', 'TRANSMISSION CONTROL PROTOCOL TRANSPORT LAYER', 'MALICIOUS SOFTWARE', 'SECURE SOCKET LAYER', 'PUBLIC-KEY ENCRYPTION SYSTEM']"
15,OPEN SYSTEM,2,"[1, 4]","[15, 530]","['INTERNET', 'TRANSMISSION CONTROL PROTOCOL', 'INTERNET PROTOCOL']",['INTERNET'],"['INTERNET', 'TRANSMISSION CONTROL PROTOCOL', 'INTERNET PROTOCOL']",['INTERNET']
16,TRANSMISSION CONTROL PROTOCOL,23,"[1, 2, 4]","[16, 309, 313, 329, 529, 533, 534, 535, 536, 538, 539, 540, 542, 547, 548, 549, 551, 553]",[],"['MAIL SERVER', 'TRANSPORT LAYER']","['MAIL SERVER', 'TRANSPORT LAYER']",['TRANSMISSION CONTROL PROTOCOL TRANSPORT LAYER']
17,INTERNET PROTOCOL,52,"[1, 2, 4]","[16, 205, 206, 207, 208, 210, 211, 213, 234, 235, 262, 268, 297, 298, 299, 300, 301, 302, 303, 307, 309, 310, 311, 313, 314, 324, 329, 459, 487, 529, 533, 534, 536, 552, 554, 557, 558, 560, 563, 564, 565, 566]","['NETWORK PROTOCOL', 'FILE TRANSFER PROTOCOL', 'VOICE OVER INTERNET PROTOCOL']","['NETWORK LAYER', 'FOUR-LEVEL HIERARCHY']","['NETWORK LAYER', 'FOUR-LEVEL HIERARCHY']",['INTERNET PROTOCOL ADDRESS']
18,FIGURE,31,"[1, 2, 3, 4, 5]","[20, 28, 41, 52, 74, 81, 95, 124, 167, 343, 345, 346, 360, 372, 375, 376, 377, 381, 382, 383, 399, 423, 425, 427, 463, 476, 480, 510, 538, 673]",[],[],[],[]
19,ETHERNET NETWORK,3,[1],"[21, 87, 96]","['CARRIER SENSE', 'MULTIPLE ACCESS WITH COLLISION DETECTION']",[],"['CARRIER SENSE', 'MULTIPLE ACCESS WITH COLLISION DETECTION']",['LINK LAYER']
20,STAR NETWORK,5,[1],"[24, 26, 33, 49, 95]","['ETHERNET NETWORK', 'ACCESS POINT', 'CENTRAL ACCESS POINT', 'MULTIPLE ACCESS WITH COLLISION AVOIDANCE']","['ACCESS POINT', 'CENTRAL ACCESS POINT']","['ETHERNET NETWORK', 'ACCESS POINT', 'CENTRAL ACCESS POINT', 'MULTIPLE ACCESS WITH COLLISION AVOIDANCE']",['CENTRAL ACCESS POINT']
21,ACCESS POINT,18,"[1, 2]","[25, 49, 52, 66, 67, 68, 69, 96, 97, 109, 185, 186, 196]","['MULTIPLE ACCESS WITH COLLISION AVOIDANCE', 'WIFI NETWORK', 'HIDDEN TERMINAL', 'ACCESS INTERNET SERVICE PROVIDER']",['INTERNET ACCESS'],"['MULTIPLE ACCESS WITH COLLISION AVOIDANCE', 'WIFI NETWORK', 'HIDDEN TERMINAL']","['HIDDEN TERMINAL PROBLEM', 'TERM GATEWAY', 'INTERNET ACCESS']"
22,BUS NETWORK,7,[1],"[26, 28, 30, 33, 40, 72, 95]","['ETHERNET NETWORK', 'SHORT BUS']","['ETHERNET NETWORK', 'CARRIER SENSE', 'MULTIPLE ACCESS WITH COLLISION DETECTION', 'MULTIPLE ACCESS', 'COLLISION DETECTION']","['ETHERNET NETWORK', 'SHORT BUS']","['CARRIER SENSE', 'MULTIPLE ACCESS WITH COLLISION DETECTION']"
23,SHORT BUS,2,[1],"[29, 31]",[],[],[],[]
24,CARRIER SENSE,7,"[1, 4]","[40, 48, 49, 54, 58, 504, 505]","['COLLISION AVOIDANCE', 'BUSY CHANNEL']",['ETHERNET NETWORK'],"['COLLISION AVOIDANCE', 'BUSY CHANNEL']",['LINK LAYER']
25,MULTIPLE ACCESS WITH COLLISION DETECTION,5,"[1, 4]","[40, 48, 49, 58, 504]",['BUSY CHANNEL'],[],['BUSY CHANNEL'],['LINK LAYER']
26,MULTIPLE ACCESS,7,"[1, 4]","[40, 48, 49, 54, 58, 504, 505]",['BUSY CHANNEL'],['ETHERNET NETWORK'],['BUSY CHANNEL'],[]
27,COLLISION DETECTION,5,"[1, 4]","[40, 48, 49, 58, 504]",[],['ETHERNET NETWORK'],[],[]
28,CENTRAL ACCESS POINT,2,[1],"[49, 52]","['HIDDEN TERMINAL PROBLEM', 'MULTIPLE ACCESS WITH COLLISION AVOIDANCE']",[],"['HIDDEN TERMINAL PROBLEM', 'MULTIPLE ACCESS WITH COLLISION AVOIDANCE']",['HIDDEN TERMINAL PROBLEM']
29,HIDDEN TERMINAL PROBLEM,2,[1],"[52, 64]",['MULTIPLE ACCESS WITH COLLISION AVOIDANCE'],"['CARRIER SENSE', 'MULTIPLE ACCESS WITH COLLISION AVOIDANCE', 'WIFI NETWORK']",['MULTIPLE ACCESS WITH COLLISION AVOIDANCE'],[]
30,MULTIPLE ACCESS WITH COLLISION AVOIDANCE,2,"[1, 4]","[54, 505]","['BUSY CHANNEL', 'SILENT CHANNEL']","['BUSY CHANNEL', 'SILENT CHANNEL']","['BUSY CHANNEL', 'SILENT CHANNEL']",['LINK LAYER']
31,COLLISION AVOIDANCE,4,"[1, 4]","[54, 55, 57, 505]","['BUSY CHANNEL', 'SILENT CHANNEL']",[],"['BUSY CHANNEL', 'SILENT CHANNEL']","['BUSY CHANNEL', 'SILENT CHANNEL']"
32,BUSY CHANNEL,2,[1],"[61, 65]",['SILENT CHANNEL'],['WIFI NETWORK'],['SILENT CHANNEL'],[]
33,SILENT CHANNEL,2,[1],"[62, 63]",[],['WIFI NETWORK'],[],[]
34,WIFI NETWORK,5,"[1, 4]","[66, 87, 96, 109, 505]",['HIDDEN TERMINAL'],[],['HIDDEN TERMINAL'],"['TERM GATEWAY', 'LINK LAYER']"
35,HIDDEN TERMINAL,3,[1],"[52, 64, 67]",[],[],[],[]
36,OTHER SIDE,2,[1],"[77, 78]",[],[],[],[]
37,EFFICIENT SYSTEM,2,[1],"[79, 132]",[],[],[],[]
38,WORLDWIDE INTERNET,2,[1],"[90, 92]",[],[],[],['TRADITIONAL TELEPHONE COMMUNICATION']
39,TRADITIONAL TELEPHONE COMMUNICATION,2,"[1, 2]","[92, 303]",[],['WORLDWIDE INTERNET'],[],[]
40,FINAL DESTINATION,6,"[1, 4]","[98, 469, 494, 507, 509, 513]",[],[],[],['FORWARDING TABLE']
41,PROPER DIRECTION,3,"[1, 4]","[99, 103, 501]",[],[],[],['FORWARDING TABLE']
42,OWN NETWORK,2,"[1, 2]","[101, 247]",[],[],[],[]
43,FORWARDING TABLE,5,"[1, 4]","[104, 498, 500, 507, 555]",[],['PROPER DIRECTION'],['PROPER DIRECTION'],['NETWORK LAYER']
44,TERM GATEWAY,2,[1],"[108, 109]",[],[],[],[]
45,SAME MACHINE,2,"[1, 2]","[110, 295]",[],[],[],[]
46,SUCH COMMUNICATION,2,"[1, 5]","[111, 724]",[],[],[],[]
47,INTERPROCESS COMMUNICATION,3,[1],"[111, 112, 122]","['CLIENT/SERVER MODEL', 'PEER-TO-PEER MODEL']","['CLIENT/SERVER MODEL', 'PEER-TO-PEER MODEL']","['CLIENT/SERVER MODEL', 'PEER-TO-PEER MODEL']","['CLIENT/SERVER MODEL', 'PEER-TO-PEER MODEL']"
48,SERVER,151,"[1, 2, 3, 4, 5]","[112, 113, 114, 116, 117, 120, 121, 122, 124, 125, 130, 131, 133, 138, 236, 237, 239, 240, 244, 247, 249, 250, 253, 254, 260, 261, 262, 264, 265, 266, 267, 270, 272, 274, 276, 277, 278, 279, 280, 281, 282, 283, 286, 290, 295, 296, 325, 326, 327, 329, 332, 334, 337, 339, 341, 344, 345, 347, 349, 387, 391, 423, 424, 425, 428, 431, 432, 436, 438, 440, 441, 442, 443, 448, 449, 450, 451, 452, 453, 454, 455, 456, 457, 458, 482, 487, 521, 522, 553, 601, 621, 622, 623, 630, 631, 632, 633, 634, 635, 636, 637, 638, 639, 640, 641, 659, 680]","['CLIENT/SERVER MODEL', 'PRINT SERVER', 'FILE SERVER', 'CENTRAL SERVER', 'NAME SERVER', 'MAIL SERVER', 'SERVER PROCESS', 'REMOTE SERVER', 'CONTENT DELIVERY NETWORK', 'UNIFORM RESOURCE LOCATOR', 'SERVER-SIDE ACTIVITY', 'SERVER SIDE', 'DENIAL OF SERVICE', 'PROXY SERVER']","['CONTENT DELIVERY NETWORK', 'SERVER-SIDE ACTIVITY', 'SERVER SIDE']","['CLIENT/SERVER MODEL', 'PRINT SERVER', 'FILE SERVER', 'CENTRAL SERVER', 'SERVER-SIDE ACTIVITY', 'SERVER SIDE']","['INTERPROCESS COMMUNICATION', 'CLIENT/SERVER MODEL', 'PRINT SERVER', 'FILE SERVER', 'PEER-TO-PEER MODEL', 'NAME SERVER', 'REMOTE MAIL SERVER', 'CONTENT DELIVERY NETWORK', 'UNIFORM RESOURCE LOCATOR', 'CLIENT-SIDE ACTIVITY', 'SERVER-SIDE ACTIVITY', 'APPLICATION LAYER']"
49,EARLY APPLICATION,2,[1],"[114, 117]",[],[],[],[]
50,CLIENT/SERVER MODEL,8,[1],"[112, 114, 117, 121, 122, 124, 130, 131, 138]",['CENTRAL SERVER'],"['PRINT SERVER', 'FILE SERVER', 'CENTRAL SERVER']",['CENTRAL SERVER'],"['PRINT SERVER', 'PEER-TO-PEER MODEL', 'INSTANT MESSAGING']"
51,PRINT SERVER,2,[1],[116],[],[],[],[]
52,MAGNETIC DISK,2,[1],"[117, 118]",[],[],[],[]
53,MASS STORAGE,3,"[1, 2, 5]","[118, 294, 580]","['MAGNETIC DISK', 'FILE SERVER']",[],"['MAGNETIC DISK', 'FILE SERVER']","['MAGNETIC DISK', 'MALICIOUS SOFTWARE']"
54,FILE SERVER,2,[1],[120],[],['MASS STORAGE'],[],[]
55,PEER-TO-PEER MODEL,8,"[1, 2]","[125, 126, 127, 131, 133, 138, 139, 298]","['INSTANT MESSAGING', 'VOICE OVER INTERNET PROTOCOL']","['INSTANT MESSAGING', 'VOICE OVER INTERNET PROTOCOL']",['INSTANT MESSAGING'],"['INSTANT MESSAGING', 'VOICE OVER INTERNET PROTOCOL']"
56,INSTANT MESSAGING,2,"[1, 2]","[126, 256]",[],[],[],['SIMPLE MAIL TRANSFER PROTOCOL']
57,CENTRAL SERVER,2,"[1, 2]","[133, 326]",[],[],[],"['PEER-TO-PEER MODEL', 'CONTENT DELIVERY NETWORK']"
58,TERM PEER-TO-PEER,2,[1],"[135, 136]",[],[],[],[]
59,US GOVERNMENT,2,[2],"[161, 225]",['DAR-PA'],[],[],[]
60,DAR-PA,2,[2],"[161, 574]",['COMPUTER EMERGENCY RESPONSE TEAM'],['COMPUTER EMERGENCY RESPONSE TEAM'],['COMPUTER EMERGENCY RESPONSE TEAM'],[]
61,INTERNET SERVICE PROVIDERS,12,"[2, 4]","[164, 167, 168, 172, 173, 175, 180, 208, 209, 225, 562]","['TIER-2 INTERNET SERVICE PROVIDERS', 'ACCESS INTERNET SERVICE PROVIDER']",['TIER-2 INTERNET SERVICE PROVIDERS'],[],"['TIER-2 INTERNET SERVICE PROVIDERS', 'INTERNET PROTOCOL ADDRESS', 'INTERNET CORPORATION FOR ASSIGNED NAME']"
62,INTERNET SERVICE PROVIDER,35,"[2, 4, 5]","[164, 165, 166, 167, 168, 172, 173, 175, 177, 178, 180, 185, 194, 196, 208, 209, 225, 243, 248, 249, 250, 251, 307, 326, 562, 711, 725, 730]","['TIER-2 INTERNET SERVICE PROVIDERS', 'ACCESS INTERNET SERVICE PROVIDER']",['TIER-2 INTERNET SERVICE PROVIDERS'],[],"['TIER-2 INTERNET SERVICE PROVIDERS', 'INTERNET PROTOCOL ADDRESS', 'INTERNET CORPORATION FOR ASSIGNED NAME']"
63,TRADITIONAL TELEPHONE,10,"[1, 2]","[92, 171, 297, 299, 300, 303, 307, 309, 320]",['VOICE OVER INTERNET PROTOCOL'],['FIRST GENERATION'],[],[]
64,TIER-2 INTERNET SERVICE PROVIDERS,3,[2],"[172, 173, 175]",[],[],[],['VOICE OVER INTERNET PROTOCOL']
65,ACCESS INTERNET SERVICE PROVIDER,10,[2],"[178, 180, 185, 194, 196, 243, 248, 307, 326]",['CONTENT DELIVERY NETWORK'],[],[],"['END SYSTEM', 'VOICE OVER INTERNET PROTOCOL', 'CONTENT DELIVERY NETWORK']"
66,SINGLE AUTHORITY,2,[2],"[178, 216]","['ACCESS INTERNET SERVICE PROVIDER', 'MNEMONIC DOMAIN NAME', 'DOMAIN NAME']",[],[],[]
67,INTERNET ACCESS,6,"[2, 5]","[178, 179, 185, 203, 243, 658]","['ACCESS INTERNET SERVICE PROVIDER', 'MNEMONIC DOMAIN NAME', 'DOMAIN NAME', 'MNEMONIC ADDRESS']",['ACCESS INTERNET SERVICE PROVIDER'],[],"['ACCESS INTERNET SERVICE PROVIDER', 'END SYSTEM', 'MALICIOUS SOFTWARE', 'TROJAN HORSE', 'SECURE SOCKET LAYER']"
68,END SYSTEM,10,[2],"[180, 181, 182, 183, 185, 188, 195, 201]",[],[],[],[]
69,LEGACY ANALOG,2,[2],"[199, 202]",[],[],[],[]
70,END USER,7,[2],"[203, 256, 260, 316, 326, 327]",[],[],[],"['SIMPLE MAIL TRANSFER PROTOCOL', 'MAIL SERVER', 'CONTENT DELIVERY NETWORK']"
71,INTERNET PROTOCOL ADDRESS,10,"[2, 4]","[205, 207, 208, 210, 211, 213, 234, 235, 262, 487]","['INTERNET CORPORATION FOR ASSIGNED NAME', 'BIT PATTERN', 'NAME SERVER']","['INTERNET CORPORATION FOR ASSIGNED NAME', 'BIT PATTERN', 'DOMAIN NAME', 'MNEMONIC ADDRESS', 'NAME SERVER']",[],"['INTERNET CORPORATION FOR ASSIGNED NAME', 'NAME SERVER', 'DOMAIN NAME SYSTEM', 'APPLICATION LAYER']"
72,INTERNET CORPORATION FOR ASSIGNED NAME,3,[2],"[208, 218]",[],['DOMAIN NAME'],[],[]
73,INTERNET CORPORATION,3,[2],"[208, 218]",[],[],[],[]
74,ASSIGNED NAME,3,[2],"[208, 218]",[],[],[],[]
75,BIT PATTERN,4,"[2, 5]","[212, 233, 686]",[],['DIGITAL SIGNATURE'],['DIGITAL SIGNATURE'],[]
76,GOVERNMENT AGENCY,2,[2],"[216, 242]",[],[],[],[]
77,MNEMONIC DOMAIN NAME,2,[2],"[219, 239]","['MNEMONIC ADDRESS', 'NAME SERVER', 'DOMAIN NAME SYSTEM', 'UNIFORM RESOURCE LOCATOR']",['NAME SERVER'],[],['NAME SERVER']
78,DOMAIN NAME,22,"[2, 4, 5]","[219, 220, 221, 229, 232, 237, 238, 239, 250, 262, 552, 741, 742, 743]","['MNEMONIC ADDRESS', 'NAME SERVER', 'DOMAIN NAME SYSTEM']","['MNEMONIC DOMAIN NAME', 'NAME SERVER']",[],"['MNEMONIC DOMAIN NAME', 'DOMAIN NAME SYSTEM']"
79,MARQUETTE UNIVERSITY,2,[2],"[221, 228]",[],[],[],[]
80,MNEMONIC ADDRESS,6,"[2, 3, 4]","[233, 234, 235, 344, 348, 487]",['UNIFORM RESOURCE LOCATOR'],['UNIFORM RESOURCE LOCATOR'],['UNIFORM RESOURCE LOCATOR'],"['UNIFORM RESOURCE LOCATOR', 'APPLICATION LAYER']"
81,NAME SERVER,10,"[2, 4, 5]","[236, 237, 239, 240, 244, 247, 249, 250, 487, 621]",['DOMAIN NAME SYSTEM'],"['DOMAIN NAME SYSTEM', 'APPLICATION LAYER']",['APPLICATION LAYER'],"['DOMAIN NAME SYSTEM', 'APPLICATION LAYER']"
82,DOMAIN NAME SYSTEM,7,"[2, 4]","[237, 238, 239, 250, 262, 552]",['NAME SERVER'],[],[],"['MAIL SERVER', 'MAIL SERVER PROCESS']"
83,OWN NAME SERVER,3,[2],"[240, 244, 247]",[],[],[],[]
84,NETWORK PROTOCOL,4,[2],"[252, 255, 258, 262]","['FILE TRANSFER PROTOCOL', 'SIMPLE MAIL TRANSFER PROTOCOL']","['FILE TRANSFER PROTOCOL', 'SECURE SHELL', 'HYPERTEXT TRANSFER PROTOCOL', 'SIMPLE MAIL TRANSFER PROTOCOL']",[],"['DOMAIN NAME SYSTEM', 'FILE TRANSFER PROTOCOL', 'SECURE SHELL', 'HYPERTEXT TRANSFER PROTOCOL', 'SIMPLE MAIL TRANSFER PROTOCOL']"
85,FILE TRANSFER PROTOCOL,4,"[2, 4, 5]","[253, 484, 634, 641]",[],[],[],[]
86,SECURE SHELL,2,"[2, 4]","[253, 484]",[],[],[],[]
87,BROWSER,46,"[2, 3, 4, 5]","[254, 256, 258, 334, 335, 336, 338, 339, 341, 342, 345, 352, 353, 357, 359, 375, 376, 377, 379, 384, 388, 389, 391, 392, 423, 424, 425, 426, 427, 428, 429, 431, 432, 436, 439, 441, 442, 445, 446, 521, 660]","['HYPERTEXT TRANSFER PROTOCOL', 'WORLD WIDE WEB', 'HYPERTEXT MARKUP LANGUAGE', 'LEVEL-ONE HEADING']","['HYPERTEXT DOCUMENT', 'HYPERTEXT MARKUP LANGUAGE', 'CLIENT-SIDE ACTIVITY', 'CLIENT SIDE']","['HYPERTEXT DOCUMENT', 'HYPERTEXT MARKUP LANGUAGE', 'CLIENT-SIDE ACTIVITY', 'CLIENT SIDE']","['HYPERTEXT TRANSFER PROTOCOL', 'UNIFORM RESOURCE LOCATOR', 'HYPERTEXT MARKUP LANGUAGE', 'HYPERTEXT MARKUP LANGUAGE SOURCE DOCUMENT', 'LEVEL-ONE HEADING', 'CLIENT-SIDE ACTIVITY', 'SERVER-SIDE ACTIVITY']"
88,HYPERTEXT TRANSFER PROTOCOL,11,"[2, 3, 4, 5]","[255, 339, 345, 352, 369, 391, 521, 634, 658, 659]",['WORLD WIDE WEB'],"['UNIFORM RESOURCE LOCATOR', 'SECURE SOCKET LAYER']","['UNIFORM RESOURCE LOCATOR', 'SECURE SOCKET LAYER']",[]
89,ACTUAL TRANSMISSION,3,"[2, 4]","[258, 501, 527]",[],[],[],[]
90,EMAIL MESSAGE,5,"[2, 5]","[258, 259, 282, 588, 596]","['SIMPLE MAIL TRANSFER PROTOCOL', 'MAIL SERVER']","['SIMPLE MAIL TRANSFER PROTOCOL', 'MAIL SERVER PROCESS', 'INTERNET MAIL ACCESS PROTOCOL']",[],"['SIMPLE MAIL TRANSFER PROTOCOL', 'MAIL SERVER', 'REMOTE SERVER', 'REMOTE MAIL SERVER', 'OFFICE PROTOCOL VERSION', 'INTERNET MAIL ACCESS PROTOCOL', 'TROJAN HORSE']"
91,SIMPLE MAIL TRANSFER PROTOCOL,14,"[2, 4]","[258, 259, 265, 269, 270, 273, 274, 281, 284, 289, 522]","['MAIL SERVER', 'OFFICE PROTOCOL VERSION', 'INTERNET MAIL ACCESS PROTOCOL']",['MAIL SERVER'],[],"['MAIL SERVER', 'OFFICE PROTOCOL VERSION', 'INTERNET MAIL ACCESS PROTOCOL']"
92,MAIL SERVER,18,"[2, 3, 4, 5]","[260, 261, 262, 265, 266, 270, 272, 274, 290, 295, 296, 440, 441, 442, 522, 553, 621]","['MAIL SERVER PROCESS', 'REMOTE MAIL SERVER', 'OFFICE PROTOCOL VERSION', 'INTERNET MAIL ACCESS PROTOCOL']",[],[],"['DOMAIN NAME SYSTEM', 'MAIL SERVER PROCESS', 'REMOTE SERVER', 'REMOTE MAIL SERVER', 'OFFICE PROTOCOL VERSION', 'INTERNET MAIL ACCESS PROTOCOL']"
93,MAIL SERVER PROCESS,3,[2],"[261, 265, 266]",[],[],[],['DOMAIN NAME SYSTEM']
94,SERVER PROCESS,5,"[2, 3]","[261, 264, 265, 266, 332]",['WORLD WIDE WEB'],[],[],['WORLD WIDE WEB']
95,OTHER END,2,"[2, 4]","[264, 506]",[],[],[],[]
96,REMOTE SERVER,7,[2],"[267, 277, 278, 279, 281, 283, 286]",['REMOTE MAIL SERVER'],[],[],[]
97,REMOTE MAIL SERVER,2,[2],"[265, 272]",[],[],[],[]
98,NETWORK SECURITY,3,"[2, 5]","[275, 693, 699]","['UNAUTHORIZED ACCESS', 'COMPUTER FRAUD', 'ABUSE ACT', 'THEFT OF INFORMATION']","['COMPUTER FRAUD', 'ABUSE ACT', 'ELECTRONIC COMMUNICATION PRIVACY ACT', 'ANTICYBERSQUATTING CONSUMER PROTECTION ACT']","['COMPUTER FRAUD', 'ABUSE ACT', 'ELECTRONIC COMMUNICATION PRIVACY ACT', 'ANTICYBERSQUATTING CONSUMER PROTECTION ACT']","['MALICIOUS SOFTWARE', 'TROJAN HORSE', 'SECURE SOCKET LAYER', 'PUBLICKEY ENCRYPTION', 'PUBLIC-KEY ENCRYPTION SYSTEM', 'ELECTRONIC COMMUNICATION PRIVACY ACT', 'ELECTRONIC COMMUNICATION', 'ANTICYBERSQUATTING CONSUMER PROTECTION ACT']"
99,OFFICE PROTOCOL VERSION,3,[2],"[291, 292, 293]",[],[],[],[]
100,INTERNET MAIL ACCESS PROTOCOL,2,[2],"[291, 295]",[],[],[],[]
101,LOCAL MACHINE,2,[2],[294],[],[],[],[]
102,VOICE OVER INTERNET PROTOCOL,14,"[2, 4]","[297, 298, 299, 300, 301, 302, 303, 307, 309, 310, 311, 552]",[],[],[],[]
103,INTERNET INFRASTRUCTURE,2,"[2, 4]","[297, 486]",[],[],[],[]
104,TRADITIONAL INTERNET,3,"[2, 5]","[299, 308, 657]",[],[],[],[]
105,TRANSMISSION CONTROL PROTOCOL/INTERNET PROTOCOL NETWORK,2,[2],"[309, 329]","['VOICE OVER INTERNET PROTOCOL', 'FOUR-LEVEL HIERARCHY']",[],[],['VOICE OVER INTERNET PROTOCOL']
106,FIRST GENERATION,4,[2],"[320, 321]",[],[],[],[]
107,CONTENT DELIVERY NETWORK,3,[2],"[326, 327]",[],[],[],[]
108,BROAD CLASS,2,"[2, 5]","[329, 646]",[],[],[],[]
109,WORLD WIDE WEB,10,[3],"[330, 332, 367, 368, 370, 371]","['UNIFORM RESOURCE LOCATOR', 'WORLD WIDE WEB CONSORTIUM']","['HYPERTEXT DOCUMENT', 'UNIFORM RESOURCE LOCATOR', 'WORLD WIDE WEB CONSORTIUM']","['HYPERTEXT DOCUMENT', 'UNIFORM RESOURCE LOCATOR', 'WORLD WIDE WEB CONSORTIUM']","['BROWSER', 'HYPERTEXT TRANSFER PROTOCOL', 'WORLD WIDE WEB CONSORTIUM']"
110,HYPERTEXT DOCUMENT,5,[3],"[332, 337, 339, 354, 355]","['WORLD WIDE WEB', 'HYPERTEXT TRANSFER PROTOCOL PROTOCOL', 'HYPERTEXT MARKUP LANGUAGE']",[],[],"['BROWSER', 'HYPERTEXT TRANSFER PROTOCOL', 'WORLD WIDE WEB', 'HYPERTEXT MARKUP LANGUAGE']"
111,UNIFORM RESOURCE LOCATOR,16,"[3, 4]","[340, 341, 342, 343, 345, 346, 347, 348, 350, 351, 353, 379, 381, 424, 428, 521]",['DIRECTORY PATH'],[],[],[]
112,DESIRED DOCUMENT,2,[3],"[341, 342]",[],[],[],[]
113,DIRECTORY PATH,3,[3],"[344, 347]",[],['UNIFORM RESOURCE LOCATOR'],['UNIFORM RESOURCE LOCATOR'],['UNIFORM RESOURCE LOCATOR']
114,HOME PAGE,4,[3],"[349, 351, 353, 453]",[],[],[],['UNIFORM RESOURCE LOCATOR']
115,HYPERTEXT TRANSFER PROTOCOL PROTOCOL,2,[3],"[352, 369]",[],[],[],"['UNIFORM RESOURCE LOCATOR', 'SECURE SOCKET LAYER']"
116,HYPERTEXT MARKUP LANGUAGE,21,[3],"[354, 356, 357, 359, 360, 362, 369, 388, 394, 402, 410, 411, 412, 417, 418, 426, 444, 446]","['HYPERTEXT MARKUP LANGUAGE SOURCE DOCUMENT', 'IMAGE TAG']",['HYPERTEXT DOCUMENT'],['HYPERTEXT DOCUMENT'],"['HYPERTEXT MARKUP LANGUAGE SOURCE DOCUMENT', 'LEVEL-ONE HEADING', 'IMAGE TAG', 'EXTENSIBLE MARKUP LANGUAGE STANDARD']"
117,COMPUTER SCREEN,8,"[3, 5]","[359, 366, 373, 376, 382, 423, 426, 660]",[],[],[],[]
118,SOURCE VERSION,2,[3],"[360, 380]",['HYPERTEXT MARKUP LANGUAGE SOURCE DOCUMENT'],[],[],"['HYPERTEXT MARKUP LANGUAGE SOURCE DOCUMENT', 'LEVEL-ONE HEADING', 'IMAGE TAG']"
119,SIMPLE WEBPAGE,3,[3],"[360, 386, 423]",[],[],[],[]
120,HYPERTEXT MARKUP LANGUAGE SOURCE DOCUMENT,4,[3],"[362, 388, 444, 446]","['LEVEL-ONE HEADING', 'IMAGE TAG', 'EXTENSIBLE MARKUP LANGUAGE STANDARD']",['IMAGE TAG'],['IMAGE TAG'],"['LEVEL-ONE HEADING', 'IMAGE TAG']"
121,WORLD WIDE WEB CONSORTIUM,6,[3],"[367, 368, 370, 371]",['EXTENSIBLE MARKUP LANGUAGE'],[],[],[]
122,EXTENSIBLE MARKUP LANGUAGE,12,[3],"[370, 394, 407, 408, 409, 410, 411, 412, 413, 414, 417]",[],"['HYPERTEXT MARKUP LANGUAGE', 'EXTENSIBLE MARKUP LANGUAGE STANDARD']","['HYPERTEXT MARKUP LANGUAGE', 'EXTENSIBLE MARKUP LANGUAGE STANDARD']",[]
123,LEVEL-ONE HEADING,2,[3],[375],[],[],[],[]
124,EQUAL SIGN,2,[3],"[381, 390]",[],[],[],[]
125,IMAGE TAG,2,[3],"[388, 392]",[],[],[],[]
126,HYPERTEXT TRANSFER PROTOCOL SERVER,2,"[3, 4]","[391, 521]",[],[],[],[]
127,TEXT DOCUMENT,8,[3],"[332, 337, 339, 354, 355, 394, 416, 425]",['EXTENSIBLE MARKUP LANGUAGE'],[],[],"['HYPERTEXT MARKUP LANGUAGE', 'EXTENSIBLE MARKUP LANGUAGE STANDARD']"
128,SHEET MUSIC,5,[3],"[395, 400, 401, 402, 416]",[],[],[],[]
129,< MEASURE,2,[3],"[398, 404]",[],[],[],[]
130,SAME STYLE,2,[3],"[402, 406]",[],[],[],[]
131,EXTENSIBLE MARKUP LANGUAGE STANDARD,3,[3],"[409, 410, 411]",[],[],[],[]
132,SEARCH ENGINE,4,[3],"[421, 422, 437, 438]",[],[],[],[]
133,TRAVEL AGENT,3,[3],"[433, 434, 450]",[],[],[],[]
134,CUSTOMIZED WEBPAGE,5,[3],"[433, 436, 438, 450, 452]",['SERVER-SIDE ACTIVITY'],[],[],[]
135,CLIENT-SIDE ACTIVITY,4,[3],"[435, 438, 441, 442]",[],[],[],[]
136,SERVER-SIDE ACTIVITY,5,[3],"[436, 438, 441, 442, 450]","['CUSTOMIZED WEBPAGE', 'SERVER SIDE']",[],[],[]
137,SUN MICROSYSTEM,2,[3],"[446, 449]",[],[],[],[]
138,SERVER SIDE,3,[3],"[449, 455, 457]",[],['SERVER-SIDE ACTIVITY'],['SERVER-SIDE ACTIVITY'],[]
139,CLIENT SIDE,2,[3],"[455, 457]",[],['CLIENT-SIDE ACTIVITY'],['CLIENT-SIDE ACTIVITY'],[]
140,INTERNET SOFTWARE,2,[4],"[462, 475]","['APPLICATION LAYER', 'TRANSPORT LAYER', 'NETWORK LAYER', 'LINK LAYER']","['APPLICATION LAYER', 'TRANSPORT LAYER', 'NETWORK LAYER', 'LINK LAYER']","['APPLICATION LAYER', 'TRANSPORT LAYER', 'NETWORK LAYER', 'LINK LAYER']",[]
141,UNITED STATE,5,"[4, 5]","[463, 701, 704, 712, 738]",[],[],[],[]
142,SHIPPING COMPANY,9,[4],"[465, 467, 469, 470, 471, 473, 485, 486]",[],[],[],[]
143,APPLICATION LAYER,16,[4],"[476, 477, 479, 481, 482, 485, 486, 487, 488, 516, 517, 519, 524, 538, 540, 541]",['PORT NUMBER'],"['FILE TRANSFER PROTOCOL', 'SECURE SHELL', 'PORT NUMBER']","['FILE TRANSFER PROTOCOL', 'SECURE SHELL', 'PORT NUMBER']","['INTERNET SOFTWARE', 'TRANSPORT LAYER']"
144,TRANSPORT LAYER,26,[4],"[476, 485, 488, 489, 492, 494, 500, 514, 515, 516, 517, 519, 525, 535, 536, 538, 540, 542, 543, 547, 549, 551]","['PORT NUMBER', 'USER DATAGRAM PROTOCOL', 'TRANSMISSION CONTROL PROTOCOL TRANSPORT LAYER', 'TRANSMISSION CONTROL PROTOCOL TRANSPORT']",['PORT NUMBER'],['PORT NUMBER'],"['TRANSMISSION CONTROL PROTOCOL', 'INTERNET SOFTWARE', 'NETWORK LAYER', 'PORT NUMBER', 'USER DATAGRAM PROTOCOL', 'TRANSMISSION CONTROL PROTOCOL TRANSPORT LAYER']"
145,NETWORK LAYER,23,[4],"[476, 478, 493, 496, 497, 498, 500, 501, 507, 508, 510, 511, 513, 514, 515, 526, 554, 557, 558, 560, 561, 563]","['INTERNET PROTOCOL NETWORK LAYER', 'HOP COUNT', 'INTERNET PROTOCOL VERSION']",['FORWARDING TABLE'],['FORWARDING TABLE'],"['INTERNET SOFTWARE', 'LINK LAYER']"
146,LINK LAYER,15,[4],"[476, 478, 479, 497, 499, 501, 502, 503, 504, 505, 506, 507, 508, 511, 527]",[],"['ETHERNET NETWORK', 'CARRIER SENSE', 'MULTIPLE ACCESS WITH COLLISION DETECTION', 'MULTIPLE ACCESS WITH COLLISION AVOIDANCE', 'WIFI NETWORK', 'ACTUAL TRANSMISSION']","['ETHERNET NETWORK', 'CARRIER SENSE', 'MULTIPLE ACCESS WITH COLLISION DETECTION', 'MULTIPLE ACCESS WITH COLLISION AVOIDANCE', 'WIFI NETWORK', 'ACTUAL TRANSMISSION']",['INTERNET SOFTWARE']
147,MESSAGE 'S DESTINATION,4,"[4, 5]","[479, 492, 549, 671]",[],[],[],[]
148,IMPORTANT TASK,2,[4],"[488, 517]",[],[],[],[]
149,MESSAGE 'S ORIGIN,3,[4],"[515, 549, 558]",[],[],[],[]
150,PORT NUMBER,7,[4],"[518, 519, 520, 521, 522]",[],[],[],[]
151,INTERNATIONAL ORGANIZATION,2,[4],"[530, 532]",[],[],[],[]
152,FOUR-LEVEL HIERARCHY,2,[4],"[531, 532]",[],"['APPLICATION LAYER', 'TRANSPORT LAYER', 'NETWORK LAYER', 'LINK LAYER']","['APPLICATION LAYER', 'TRANSPORT LAYER', 'NETWORK LAYER', 'LINK LAYER']",[]
153,USER DATAGRAM PROTOCOL,12,[4],"[536, 538, 539, 543, 546, 547, 548, 549, 550, 551, 552]",[],"['DOMAIN NAME SYSTEM', 'VOICE OVER INTERNET PROTOCOL', 'TRANSPORT LAYER']","['DOMAIN NAME SYSTEM', 'VOICE OVER INTERNET PROTOCOL', 'TRANSPORT LAYER']",[]
154,TRANSMISSION CONTROL PROTOCOL TRANSPORT LAYER,4,[4],"[542, 547, 549]",[],[],[],[]
155,TRANSMISSION CONTROL PROTOCOL TRANSPORT,4,[4],"[542, 547, 549]",[],[],[],[]
156,INTERNET PROTOCOL NETWORK LAYER,2,[4],"[558, 560]","['HOP COUNT', 'INTERNET PROTOCOL VERSION']",['HOP COUNT'],['HOP COUNT'],['HOP COUNT']
157,HOP COUNT,3,[4],"[558, 560, 562]",[],[],[],[]
158,INTERNET PROTOCOL VERSION,5,[4],"[563, 564, 565, 566]",[],[],[],[]
159,UNAUTHORIZED ACCESS,2,[5],"[567, 708]",[],['THEFT OF INFORMATION'],['THEFT OF INFORMATION'],['NETWORK SECURITY']
160,MALICIOUS SOFTWARE,2,[5],"[570, 591]",['TROJAN HORSE'],['TROJAN HORSE'],['TROJAN HORSE'],"['TROJAN HORSE', 'SECURE SOCKET LAYER']"
161,TROJAN HORSE,7,[5],"[572, 584, 585, 587, 588, 589, 612]",[],[],[],[]
162,COMPUTER EMERGENCY RESPONSE TEAM,5,[5],"[573, 574, 575, 576]",[],[],[],[]
163,LAW ENFORCEMENT,4,[5],"[596, 734, 735, 737]",[],[],[],[]
164,DENIAL OF SERVICE,7,[5],"[600, 601, 602, 605, 610, 617, 653]",['DENIAL OF SERVICE ATTACK'],[],[],[]
165,DENIAL OF SERVICE ATTACK,6,[5],"[601, 602, 605, 610, 617, 653]",[],[],[],[]
166,SERVICE ATTACK,6,[5],"[601, 602, 605, 610, 617, 653]",['DENIAL OF SERVICE ATTACK'],[],[],[]
167,PROXY SERVER,10,[5],"[630, 631, 632, 634, 635, 636, 637, 638, 640, 641]",[],[],[],[]
168,ACTUAL SERVER,4,[5],"[636, 637, 638, 639]",[],[],[],['PROXY SERVER']
169,ACTUAL CLIENT,2,[5],"[637, 638]",[],[],[],['PROXY SERVER']
170,SECURE SOCKET LAYER,2,[5],"[658, 659]",[],[],[],[]
171,PUBLICKEY ENCRYPTION,2,[5],"[662, 684]",[],[],[],"['DIGITAL SIGNATURE', 'ENCRYPTED VERSION']"
172,PUBLIC-KEY ENCRYPTION SYSTEM,4,[5],"[665, 666, 672, 683]",[],"['PUBLIC KEY', 'PRIVATE KEY']","['PUBLIC KEY', 'PRIVATE KEY']","['PUBLICKEY ENCRYPTION', 'DIGITAL SIGNATURE', 'ENCRYPTED VERSION']"
173,PUBLIC KEY,12,[5],"[667, 668, 670, 672, 675, 676, 677, 678, 679, 681, 690]","['PUBLIC-KEY ENCRYPTION SYSTEM', 'PRIVATE KEY']",[],[],['PUBLIC-KEY ENCRYPTION SYSTEM']
174,PRIVATE KEY,7,[5],"[667, 669, 671, 685, 686, 689, 691]",['DIGITAL SIGNATURE'],['DIGITAL SIGNATURE'],['DIGITAL SIGNATURE'],"['PUBLIC-KEY ENCRYPTION SYSTEM', 'DIGITAL SIGNATURE', 'ENCRYPTED VERSION']"
175,DIGITAL SIGNATURE,2,[5],"[686, 688]",[],[],[],[]
176,ENCRYPTED VERSION,2,[5],"[688, 691]",[],[],[],[]
177,PUBLIC-KEY ENCRYPTION,5,[5],"[665, 666, 672, 683, 692]",[],[],[],[]
178,COMPUTER FRAUD,3,[5],"[704, 707, 709]",[],['UNAUTHORIZED ACCESS'],['UNAUTHORIZED ACCESS'],['NETWORK SECURITY']
179,ABUSE ACT,3,[5],"[704, 707, 709]",[],[],[],['NETWORK SECURITY']
180,THEFT OF INFORMATION,2,[5],"[707, 709]",[],[],[],['NETWORK SECURITY']
181,ANYTHING OF VALUE,3,[5],"[708, 709, 710]",[],[],[],[]
182,ELECTRONIC COMMUNICATION PRIVACY ACT,3,[5],"[712, 725, 726]",[],[],[],[]
183,ELECTRONIC COMMUNICATION,6,[5],"[712, 714, 721, 725, 726, 728]",[],[],[],[]
184,ANTICYBERSQUATTING CONSUMER PROTECTION ACT,2,[5],"[741, 744]",[],[],[],[]
